customer_id,first_name,last_name,email,phone,segment,lifetime_value,last_contact_date,opted_in_marketing,export_date
CUST_0001,Dustin,Edwards,shawdalton@example.net,(362)690-4220x7120,Regular,1853.54,2026-08-04,False,2026-08-05
CUST_0002,Ashley,Flores,jessicamoon@example.net,294-721-1359,At-Risk,3819.05,2026-08-04,False,2026-08-05
CUST_0003,Francisco,Taylor,cameronklein@example.com,966.355.0268x1644,New,1792.0,2026-08-04,False,2026-08-05
CUST_0004,Kathleen,Larsen,newtonashley@example.org,732-476-5155,Regular,1641.25,2026-08-04,True,2026-08-05
CUST_0005,Victoria,Alexander,robleschristopher@example.org,870-956-6835x435,VIP,2175.56,2026-08-04,True,2026-08-05
CUST_0006,Rick,Brady,jonathanrodgers@example.net,001-229-426-2136x947,Regular,2731.87,2026-08-04,False,2026-08-05
CUST_0007,David,Larsen,vanessa09@example.org,+1-592-264-6005x9179,VIP,3585.95,2026-08-04,True,2026-08-05
CUST_0008,Annette,Galvan,gibsonmatthew@example.org,591-429-6327x6415,At-Risk,923.99,2026-08-04,True,2026-08-05
CUST_0009,Angel,Taylor,andrewstevens@example.com,614-207-3031x1783,At-Risk,1112.08,2026-08-04,True,2026-08-05
CUST_0010,Karen,Collins,mquinn@example.org,(435)664-9061x005,VIP,3866.75,2026-08-04,True,2026-08-05
CUST_0011,Vanessa,Santiago,barbarasanchez@example.net,727-382-6785x175,New,86.76,2026-08-04,False,2026-08-05
CUST_0012,Tracey,Flynn,patrick78@example.org,489-752-1849,Regular,472.27,2026-08-04,True,2026-08-05
CUST_0013,Anthony,Ortiz,ingrammegan@example.net,947.832.8800,At-Risk,941.15,2026-08-04,False,2026-08-05
CUST_0014,Elizabeth,Warren,nortega@example.com,+1-250-765-3097x61532,At-Risk,297.56,2026-08-04,False,2026-08-05
CUST_0015,David,Townsend,asmith@example.org,(683)728-1827,VIP,3265.44,2026-08-04,True,2026-08-05
CUST_0016,Michelle,Simmons,rebeccafox@example.com,2714959896,VIP,1548.26,2026-08-04,True,2026-08-05
CUST_0017,Karen,Holmes,irwingregory@example.org,213-497-9733x3831,VIP,3719.14,2026-08-04,False,2026-08-05
CUST_0018,Lisa,Blanchard,jonathanhorn@example.com,8467715427,New,2009.02,2026-08-04,False,2026-08-05
CUST_0019,Gregory,Hernandez,thomasjoy@example.com,+1-429-452-1665x61698,New,4900.79,2026-08-04,False,2026-08-05
CUST_0020,Michael,Wells,jessica55@example.org,(495)666-0183,Regular,1881.8,2026-08-04,True,2026-08-05
CUST_0021,Patricia,Shields,hzamora@example.org,(698)209-1075x7248,Regular,282.96,2026-08-04,False,2026-08-05
CUST_0022,Heather,Kennedy,mckenzietommy@example.org,001-233-380-3769x873,Regular,543.67,2026-08-04,True,2026-08-05
CUST_0023,Keith,Schultz,jason33@example.org,(591)292-8632x6539,New,4367.84,2026-08-04,True,2026-08-05
CUST_0024,Thomas,Thompson,kimberly63@example.com,558-760-3810x719,Regular,3780.67,2026-08-04,False,2026-08-05
CUST_0025,Anthony,Neal,jarviselizabeth@example.net,001-411-686-0887x849,VIP,929.33,2026-08-04,True,2026-08-05
CUST_0026,Melissa,Shepard,kimberlybush@example.net,001-931-396-6542x817,At-Risk,813.81,2026-08-04,True,2026-08-05
CUST_0027,Sheri,Torres,tranisaac@example.net,+1-757-424-7311x8067,New,1767.81,2026-08-04,False,2026-08-05
CUST_0028,Carl,Arnold,gordon27@example.com,+1-673-967-6277x0984,At-Risk,3826.01,2026-08-04,True,2026-08-05
CUST_0029,Wendy,Dunn,howardjo@example.net,001-336-673-1745x9915,Regular,2881.77,2026-08-04,False,2026-08-05
CUST_0030,Shirley,Dawson,ukelly@example.com,(514)882-5410x063,VIP,820.51,2026-08-04,True,2026-08-05
CUST_0031,Mariah,Carter,travis78@example.org,794-420-9419x4232,VIP,3704.56,2026-08-04,True,2026-08-05
CUST_0032,Eric,Alexander,amberhall@example.org,001-336-291-3028x5245,New,3646.33,2026-08-04,False,2026-08-05
CUST_0033,Matthew,Ramirez,gibsonshelly@example.com,253.394.7100,New,3882.7,2026-08-04,True,2026-08-05
CUST_0034,Christina,Chang,virginia39@example.com,(371)264-9451,At-Risk,4303.74,2026-08-04,True,2026-08-05
CUST_0035,Jaclyn,Harvey,ritasantana@example.net,851.407.9972,At-Risk,3672.05,2026-08-04,True,2026-08-05
CUST_0036,Shane,Riggs,preston25@example.org,(282)964-0156x21419,VIP,4006.36,2026-08-04,True,2026-08-05
CUST_0037,Hannah,Anderson,ronaldchang@example.net,(930)997-4188x957,New,2825.94,2026-08-04,False,2026-08-05
CUST_0038,Alyssa,Graham,patricia82@example.net,(692)866-3831,VIP,3497.53,2026-08-04,False,2026-08-05
CUST_0039,Tamara,Munoz,mendozacameron@example.com,+1-874-554-2316x001,VIP,4426.65,2026-08-04,True,2026-08-05
CUST_0040,William,Rose,barronkevin@example.com,001-947-702-0703,New,4253.93,2026-08-04,True,2026-08-05
CUST_0041,Sarah,Johnson,brianjacobs@example.org,001-497-562-7823x83597,At-Risk,1494.09,2026-08-04,False,2026-08-05
CUST_0042,Anthony,Rivera,vwilson@example.com,001-493-546-0085x75511,At-Risk,2526.48,2026-08-04,False,2026-08-05
CUST_0043,Sherri,Sanders,russellkimberly@example.net,001-791-385-3428x1665,Regular,4077.87,2026-08-04,True,2026-08-05
CUST_0044,Robert,Adams,kevinadams@example.net,586.949.1045x4721,Regular,4048.93,2026-08-04,True,2026-08-05
CUST_0045,Tyler,Rogers,pyork@example.com,(833)690-6620x650,Regular,53.04,2026-08-04,False,2026-08-05
CUST_0046,Tabitha,Valdez,zkelley@example.com,265-286-8220x0159,Regular,1807.69,2026-08-04,True,2026-08-05
CUST_0047,Mark,Baldwin,jgriffin@example.com,426-336-8030x4768,At-Risk,1383.19,2026-08-04,False,2026-08-05
CUST_0048,Lisa,Smith,nguyenanna@example.com,001-447-440-0122x879,New,721.26,2026-08-04,True,2026-08-05
CUST_0049,Doris,Taylor,lawrencewong@example.org,+1-675-316-4175x483,Regular,2891.86,2026-08-04,True,2026-08-05
CUST_0050,Douglas,Payne,nerickson@example.org,(797)983-1855x22147,At-Risk,2333.8,2026-08-04,True,2026-08-05
CUST_0051,Matthew,Burns,joebrooks@example.com,+1-506-396-2288x62432,At-Risk,4987.84,2026-08-04,True,2026-08-05
CUST_0052,Amy,Shannon,aaron73@example.com,630-407-5239,Regular,1768.45,2026-08-04,True,2026-08-05
CUST_0053,Shawn,Chavez,cmcdaniel@example.com,599.780.8922,VIP,776.73,2026-08-04,True,2026-08-05
CUST_0054,Natalie,Chen,smitchell@example.net,001-930-492-6686x84802,New,1364.89,2026-08-04,True,2026-08-05
CUST_0055,Tyler,Mullins,dcook@example.org,(669)960-7580x65238,At-Risk,3.39,2026-08-04,False,2026-08-05
CUST_0056,Mckenzie,Stephens,johnnywarner@example.org,280-367-3143,VIP,491.64,2026-08-04,False,2026-08-05
CUST_0057,Gary,Hopkins,richardgonzalez@example.com,(890)415-3264x34604,VIP,1775.72,2026-08-04,False,2026-08-05
CUST_0058,Scott,Hunt,uyu@example.net,+1-641-213-4381x84849,Regular,567.85,2026-08-04,False,2026-08-05
CUST_0059,Sydney,White,vaughnsamantha@example.org,+1-616-530-4204x5848,At-Risk,4286.79,2026-08-04,False,2026-08-05
CUST_0060,Debra,Fowler,ggraves@example.com,(797)671-1093,Regular,2045.05,2026-08-04,False,2026-08-05
CUST_0061,Jennifer,Stevens,strongchristopher@example.net,333-639-3976x904,At-Risk,2268.82,2026-08-04,False,2026-08-05
CUST_0062,Dwayne,Fisher,kenneth16@example.net,(885)501-4561x9164,Regular,3893.86,2026-08-04,False,2026-08-05
CUST_0063,Brianna,Davis,harveyanthony@example.com,(962)297-6208x280,New,687.55,2026-08-04,True,2026-08-05
CUST_0064,Jeremy,Huber,econrad@example.com,288.879.3151,VIP,4904.58,2026-08-04,False,2026-08-05
CUST_0065,Tammy,Stanton,awillis@example.com,750.329.3975,At-Risk,4209.51,2026-08-04,False,2026-08-05
CUST_0066,Gregory,Williams,davistammy@example.net,8755169417,Regular,4415.43,2026-08-04,False,2026-08-05
CUST_0067,William,Berry,rick09@example.net,001-795-519-8180x3540,At-Risk,3056.36,2026-08-04,False,2026-08-05
CUST_0068,Marcus,Rivera,lelliott@example.org,+1-238-739-0130x64683,VIP,4991.62,2026-08-04,False,2026-08-05
CUST_0069,Ricky,Cruz,kellywilkerson@example.com,2763222604,VIP,2780.86,2026-08-04,False,2026-08-05
CUST_0070,Amanda,Best,matthew82@example.net,761.760.2002x4851,New,1511.27,2026-08-04,False,2026-08-05
CUST_0071,Michael,Mathews,wheeleramy@example.org,(923)268-1713x8473,New,4629.58,2026-08-04,False,2026-08-05
CUST_0072,Justin,Barker,philipyu@example.org,654-340-0831,Regular,4827.57,2026-08-04,True,2026-08-05
CUST_0073,April,Edwards,wagnerashley@example.org,287-321-9871x699,At-Risk,4225.54,2026-08-04,True,2026-08-05
CUST_0074,James,Lynch,ocurry@example.com,637.848.9984x44757,At-Risk,3699.98,2026-08-04,False,2026-08-05
CUST_0075,Mark,Navarro,dominguezcheryl@example.net,488.757.0343x60494,New,606.84,2026-08-04,True,2026-08-05
CUST_0076,Debra,Huff,bstewart@example.com,+1-515-955-1772x520,New,183.22,2026-08-04,False,2026-08-05
CUST_0077,Michele,Robinson,davidwood@example.org,712-439-0392x0486,New,1625.56,2026-08-04,True,2026-08-05
CUST_0078,Kelly,Harris,kaylee26@example.org,838-559-1378,New,1955.93,2026-08-04,False,2026-08-05
CUST_0079,Alexander,Barrera,wwarren@example.com,872.879.7673,At-Risk,2912.44,2026-08-04,False,2026-08-05
CUST_0080,Brenda,Cook,zmonroe@example.org,(666)991-6552x8132,VIP,3102.16,2026-08-04,True,2026-08-05
CUST_0081,Thomas,Murphy,erikgreen@example.com,+1-499-391-5346x006,Regular,3729.43,2026-08-04,False,2026-08-05
CUST_0082,Arthur,Harris,alice35@example.net,686.393.8676x6405,Regular,1184.55,2026-08-04,False,2026-08-05
CUST_0083,Kelly,Bell,linsteven@example.net,568-832-5591,VIP,3718.6,2026-08-04,True,2026-08-05
CUST_0084,James,Hendricks,melissarodriguez@example.org,001-203-642-0252x1274,At-Risk,1976.83,2026-08-04,False,2026-08-05
CUST_0085,Ryan,Morales,qstewart@example.net,(382)444-8042x40270,Regular,4615.62,2026-08-04,True,2026-08-05
CUST_0086,Jason,Hoffman,jmartin@example.net,663-799-7384,Regular,4122.32,2026-08-04,False,2026-08-05
CUST_0087,Dawn,Becker,jeffery19@example.net,763.790.9555x8150,Regular,2310.26,2026-08-04,False,2026-08-05
CUST_0088,Robin,Anderson,psexton@example.org,001-309-310-3522x128,At-Risk,3979.74,2026-08-04,False,2026-08-05
CUST_0089,Vicki,Davis,tammyenglish@example.com,998-966-3632x1313,At-Risk,1066.5,2026-08-04,True,2026-08-05
CUST_0090,Carlos,Thompson,danielswilliam@example.net,597.322.4421x436,At-Risk,1414.63,2026-08-04,True,2026-08-05
CUST_0091,Brian,Davila,ntaylor@example.com,001-940-910-4668x19376,At-Risk,4814.79,2026-08-04,False,2026-08-05
CUST_0092,Jimmy,Ramirez,scottgreen@example.com,5658519613,New,3967.33,2026-08-04,True,2026-08-05
CUST_0093,Adam,Anderson,victoriaguzman@example.com,(886)964-8440x11491,At-Risk,4848.44,2026-08-04,False,2026-08-05
CUST_0094,Ashley,Nunez,brian34@example.org,+1-802-794-5129,VIP,1998.19,2026-08-04,True,2026-08-05
CUST_0095,Nicholas,Brown,hughesbrian@example.net,873.902.1544,Regular,1363.69,2026-08-04,True,2026-08-05
CUST_0096,Glenn,Everett,daustin@example.net,(405)279-9066,VIP,3360.43,2026-08-04,True,2026-08-05
CUST_0097,Marie,Rasmussen,ryan62@example.net,2604472328,VIP,1527.41,2026-08-04,False,2026-08-05
CUST_0098,Brian,Drake,sbrown@example.org,+1-804-875-1927,New,938.84,2026-08-04,False,2026-08-05
CUST_0099,Jessica,Thompson,andrewsbrian@example.com,+1-467-279-8830x924,VIP,2424.64,2026-08-04,True,2026-08-05
CUST_0100,Aaron,Wong,pbridges@example.com,+1-469-263-4341,Regular,3858.26,2026-08-04,False,2026-08-05
CUST_0101,Marcus,Larson,rjohnson@example.org,001-244-564-5711x748,New,2901.46,2026-08-04,False,2026-08-05
CUST_0102,Dawn,King,rossreyes@example.net,810.993.3339,VIP,1029.52,2026-08-04,True,2026-08-05
CUST_0103,Craig,Thompson,jenna54@example.com,+1-713-850-5957x5923,VIP,60.1,2026-08-04,True,2026-08-05
CUST_0104,Sarah,Hoover,smitherica@example.org,460-448-9930x2358,New,98.02,2026-08-04,True,2026-08-05
CUST_0105,Heather,Snyder,jared39@example.org,(906)651-0708x472,Regular,155.19,2026-08-04,False,2026-08-05
CUST_0106,Jerry,Lester,damonroman@example.org,(388)277-8335,At-Risk,3698.52,2026-08-04,True,2026-08-05
CUST_0107,Patricia,Santiago,jenna57@example.org,001-463-649-6167x6093,VIP,164.56,2026-08-04,True,2026-08-05
CUST_0108,Elizabeth,Hughes,bethflynn@example.org,7287951709,Regular,2392.16,2026-08-04,True,2026-08-05
CUST_0109,John,Avila,eddie59@example.org,242.862.6162,At-Risk,4025.21,2026-08-04,False,2026-08-05
CUST_0110,Kristine,Fuller,vboone@example.org,(883)844-8103x8021,VIP,2557.99,2026-08-04,True,2026-08-05
CUST_0111,Olivia,Moore,brenda71@example.net,(681)624-0266,VIP,3307.62,2026-08-04,False,2026-08-05
CUST_0112,Patrick,Hogan,jenniferfrey@example.com,001-739-692-8410,At-Risk,87.98,2026-08-04,True,2026-08-05
CUST_0113,Kelsey,Davila,nealrichard@example.com,+1-654-397-9179,VIP,4208.78,2026-08-04,False,2026-08-05
CUST_0114,Erica,Robertson,eric01@example.org,+1-245-441-7840,Regular,890.74,2026-08-04,False,2026-08-05
CUST_0115,Shane,Serrano,christensenangela@example.org,+1-954-530-8248,VIP,3692.97,2026-08-04,True,2026-08-05
CUST_0116,Rodney,Johnson,fordrhonda@example.com,001-730-254-4557x6319,At-Risk,2748.35,2026-08-04,True,2026-08-05
CUST_0117,Pamela,Henry,nicole25@example.org,435.844.6636,At-Risk,1799.06,2026-08-04,False,2026-08-05
CUST_0118,Valerie,Fisher,yatesbrittany@example.org,316-319-6764x80716,At-Risk,2335.94,2026-08-04,False,2026-08-05
CUST_0119,Jennifer,Huffman,brittany40@example.com,202-401-9046x1395,VIP,4849.66,2026-08-04,False,2026-08-05
CUST_0120,Kathy,Sanchez,jonathan68@example.net,(874)949-6565x82651,At-Risk,1576.67,2026-08-04,False,2026-08-05
CUST_0121,Rebecca,Baldwin,moraleschristine@example.net,9459412248,VIP,2670.39,2026-08-04,True,2026-08-05
CUST_0122,Shannon,Clark,wwilson@example.com,890.227.6581,Regular,201.03,2026-08-04,True,2026-08-05
CUST_0123,Peter,Wagner,zarmstrong@example.net,924.801.5790,New,3576.79,2026-08-04,True,2026-08-05
CUST_0124,Michael,Burns,jacqueline79@example.net,(794)522-2134x4274,New,468.02,2026-08-04,True,2026-08-05
CUST_0125,Karen,Ferguson,sbrown@example.com,772.372.1506,New,2442.05,2026-08-04,True,2026-08-05
CUST_0126,Justin,Mcgee,zellis@example.org,274-889-7981x9053,New,992.43,2026-08-04,True,2026-08-05
CUST_0127,Margaret,Jackson,matthew02@example.net,890-906-0337x919,At-Risk,2891.79,2026-08-04,True,2026-08-05
CUST_0128,Michael,Mendoza,leslie59@example.org,(307)659-5389x2008,VIP,4611.92,2026-08-04,False,2026-08-05
CUST_0129,Tiffany,Stevens,thomasortiz@example.com,(784)304-2441,Regular,3872.36,2026-08-04,False,2026-08-05
CUST_0130,Douglas,King,taylorjohnson@example.net,395.553.0411,Regular,2316.38,2026-08-04,False,2026-08-05
CUST_0131,Jessica,Banks,gilbertjoshua@example.net,(720)256-1641x6808,At-Risk,1592.5,2026-08-04,False,2026-08-05
CUST_0132,David,Francis,heatherlove@example.com,+1-376-542-0393,At-Risk,2106.52,2026-08-04,True,2026-08-05
CUST_0133,Maria,King,brownbrian@example.org,(234)523-5406x5660,New,695.27,2026-08-04,False,2026-08-05
CUST_0134,Melinda,Owens,nmorgan@example.org,(298)808-7572x87186,Regular,161.18,2026-08-04,False,2026-08-05
CUST_0135,Denise,Flores,bcasey@example.com,+1-588-760-2384,New,4023.81,2026-08-04,True,2026-08-05
CUST_0136,Robert,Patel,ronnie85@example.com,001-700-997-0975,VIP,536.35,2026-08-04,True,2026-08-05
CUST_0137,Anita,Santos,steven56@example.com,707-688-6293x80745,VIP,2674.36,2026-08-04,False,2026-08-05
CUST_0138,George,Greene,christine53@example.com,+1-915-324-8583x0421,New,4981.55,2026-08-04,False,2026-08-05
CUST_0139,Jacob,Price,shannonrhodes@example.com,(945)558-5238x86497,VIP,296.35,2026-08-04,False,2026-08-05
CUST_0140,Adrian,Hester,whiteandrew@example.com,001-554-612-1948x5486,At-Risk,4665.32,2026-08-04,False,2026-08-05
CUST_0141,Justin,Sanchez,samanthalawrence@example.org,5523674886,At-Risk,40.68,2026-08-04,False,2026-08-05
CUST_0142,Teresa,Williams,ashleyprince@example.org,+1-405-579-8412x635,VIP,2711.78,2026-08-04,True,2026-08-05
CUST_0143,Tim,James,ywilliams@example.com,910-713-2753x0446,Regular,743.68,2026-08-04,True,2026-08-05
CUST_0144,Daniel,Rodgers,william89@example.org,001-823-377-8521x428,New,2469.88,2026-08-04,True,2026-08-05
CUST_0145,Brenda,Cohen,amandaroberts@example.org,349.508.0467,New,4533.3,2026-08-04,False,2026-08-05
CUST_0146,Angela,Bates,lmayo@example.net,819-935-7339,VIP,2855.25,2026-08-04,False,2026-08-05
CUST_0147,Stephanie,Lynch,gyoung@example.com,001-410-378-2127x19878,New,580.93,2026-08-04,False,2026-08-05
CUST_0148,Adrienne,Benjamin,katelyn66@example.org,868-490-3335x7791,New,2685.81,2026-08-04,True,2026-08-05
CUST_0149,Michael,Gutierrez,james10@example.org,(862)726-3607,Regular,753.97,2026-08-04,True,2026-08-05
CUST_0150,Joshua,Mitchell,gordonmichael@example.net,307-300-2706x75216,VIP,3292.23,2026-08-04,False,2026-08-05
CUST_0151,Jennifer,Henderson,rlivingston@example.net,264-443-2007,New,397.38,2026-08-04,False,2026-08-05
CUST_0152,Matthew,Miranda,jwebb@example.com,424.765.2719x76622,VIP,4897.27,2026-08-04,True,2026-08-05
CUST_0153,Sara,Cervantes,margaretnorton@example.org,001-576-559-9555x02695,New,3018.9,2026-08-04,True,2026-08-05
CUST_0154,Andrew,Pittman,wendydavis@example.org,+1-476-208-8290,VIP,1368.33,2026-08-04,False,2026-08-05
CUST_0155,Bradley,Contreras,laurenbrown@example.net,(755)632-4252,New,3925.19,2026-08-04,True,2026-08-05
CUST_0156,Amy,Mcdonald,joyhicks@example.com,(394)290-9135,VIP,767.09,2026-08-04,False,2026-08-05
CUST_0157,Daniel,Brown,okirby@example.com,9272281825,New,1981.32,2026-08-04,True,2026-08-05
CUST_0158,Mary,Smith,melissa54@example.org,+1-585-869-0883x499,Regular,3519.53,2026-08-04,True,2026-08-05
CUST_0159,Michael,Sims,keithmartinez@example.org,001-589-332-0598x00734,Regular,4921.65,2026-08-04,False,2026-08-05
CUST_0160,Jennifer,Ross,ginakelley@example.com,779-632-9687,Regular,1270.84,2026-08-04,True,2026-08-05
CUST_0161,Jamie,Ramos,keithsmith@example.org,538-694-8331,VIP,3738.04,2026-08-04,False,2026-08-05
CUST_0162,Bradley,Lopez,hancockkaren@example.org,001-491-480-1627x669,VIP,2218.83,2026-08-04,True,2026-08-05
CUST_0163,John,Yates,montgomeryrebecca@example.com,(560)998-1802x2088,At-Risk,1862.46,2026-08-04,True,2026-08-05
CUST_0164,Kathryn,Pearson,mstevenson@example.com,343.817.2774,At-Risk,2365.22,2026-08-04,False,2026-08-05
CUST_0165,Erika,Sanders,schwartzchristopher@example.org,(236)779-5522,Regular,2735.2,2026-08-04,True,2026-08-05
CUST_0166,Ryan,Simmons,saraadams@example.com,332.870.3528,At-Risk,4633.71,2026-08-04,True,2026-08-05
CUST_0167,Christina,Smith,kmartin@example.com,453-545-7956x775,At-Risk,1197.21,2026-08-04,False,2026-08-05
CUST_0168,Matthew,Lee,whitejoshua@example.com,820-348-1607,Regular,1148.8,2026-08-04,True,2026-08-05
CUST_0169,Aaron,Merritt,terri92@example.net,588.374.9794x253,New,2017.04,2026-08-04,True,2026-08-05
CUST_0170,Kimberly,Wade,rthompson@example.com,475-518-1093x0859,New,2894.74,2026-08-04,True,2026-08-05
CUST_0171,John,Davis,thompsondavid@example.net,286-764-6325x6471,New,1438.72,2026-08-04,True,2026-08-05
CUST_0172,Jennifer,Taylor,mitchellderek@example.net,7954379194,At-Risk,4673.23,2026-08-04,True,2026-08-05
CUST_0173,Gary,Rose,ubradley@example.org,+1-231-652-8274x609,VIP,1849.86,2026-08-04,False,2026-08-05
CUST_0174,Brian,Griffin,jessica23@example.net,+1-537-388-4710,New,2698.73,2026-08-04,True,2026-08-05
CUST_0175,Michael,Hernandez,amanda21@example.org,(320)416-8843,New,835.57,2026-08-04,True,2026-08-05
CUST_0176,Sherry,Mahoney,dvasquez@example.com,(700)547-1174x68882,Regular,747.58,2026-08-04,True,2026-08-05
CUST_0177,Erin,Pennington,hosandra@example.net,(843)923-8195x0260,New,4254.57,2026-08-04,True,2026-08-05
CUST_0178,Mercedes,Payne,anthony34@example.org,001-644-842-2805x9703,Regular,3221.62,2026-08-04,True,2026-08-05
CUST_0179,Katie,Schroeder,ulewis@example.com,266.236.8554,At-Risk,4550.19,2026-08-04,False,2026-08-05
CUST_0180,Bradley,Haley,douglashayes@example.org,(993)201-3239,At-Risk,1917.22,2026-08-04,False,2026-08-05
CUST_0181,Scott,Reese,vgonzalez@example.net,+1-807-816-6893x13699,New,2170.89,2026-08-04,False,2026-08-05
CUST_0182,Jesse,Velazquez,zchase@example.net,+1-242-730-3221x6863,New,444.34,2026-08-04,True,2026-08-05
CUST_0183,Randy,Perez,vwhite@example.com,366-888-8074x204,New,3960.06,2026-08-04,True,2026-08-05
CUST_0184,David,Reyes,duane87@example.org,(641)320-4612,At-Risk,3627.32,2026-08-04,True,2026-08-05
CUST_0185,Kevin,Brooks,elizabethcrawford@example.com,+1-292-221-0547,At-Risk,181.13,2026-08-04,True,2026-08-05
CUST_0186,Tom,Foster,dunnrebecca@example.com,001-463-518-9508x45920,At-Risk,2018.61,2026-08-04,False,2026-08-05
CUST_0187,Joseph,Rodriguez,hopkinsbrittany@example.net,3135031747,Regular,1934.66,2026-08-04,True,2026-08-05
CUST_0188,Sharon,Williamson,jasonbray@example.org,+1-730-881-9755x42451,At-Risk,2600.39,2026-08-04,True,2026-08-05
CUST_0189,Robert,Armstrong,vsandoval@example.com,+1-770-587-9591x715,VIP,3128.62,2026-08-04,False,2026-08-05
CUST_0190,Lori,Brown,eevans@example.org,5619240085,Regular,4082.25,2026-08-04,False,2026-08-05
CUST_0191,Stanley,Yates,rayrobin@example.org,599-445-7454x62080,Regular,1334.99,2026-08-04,False,2026-08-05
CUST_0192,Ashley,Lopez,thompsonstephanie@example.com,4854735014,Regular,2648.63,2026-08-04,True,2026-08-05
CUST_0193,Lindsay,Pierce,patricia80@example.net,514-950-6871,Regular,4060.14,2026-08-04,True,2026-08-05
CUST_0194,Cody,Butler,lorismith@example.net,3007883870,VIP,787.07,2026-08-04,False,2026-08-05
CUST_0195,Amanda,Allen,aliciapacheco@example.com,281-293-8792,New,2329.43,2026-08-04,False,2026-08-05
CUST_0196,Seth,Jones,gmullen@example.net,303-912-4247,Regular,4905.46,2026-08-04,False,2026-08-05
CUST_0197,Ronald,Mclaughlin,matthewdavis@example.com,001-951-558-0001x069,New,4165.54,2026-08-04,True,2026-08-05
CUST_0198,Robert,Morris,edward93@example.org,+1-925-382-4298x09672,New,2936.87,2026-08-04,True,2026-08-05
CUST_0199,Christopher,Rivera,karen59@example.com,322-205-3589,VIP,389.98,2026-08-04,False,2026-08-05
CUST_0200,Tiffany,Galvan,hilljuan@example.net,(541)886-0986x304,At-Risk,1560.54,2026-08-04,False,2026-08-05
CUST_0201,Ian,Patrick,jrose@example.org,001-465-929-0557,At-Risk,1397.5,2026-08-04,False,2026-08-05
CUST_0202,Jordan,Sparks,mburnett@example.org,981.858.7856x33533,VIP,3378.48,2026-08-04,True,2026-08-05
CUST_0203,Sheila,Byrd,falvarado@example.com,(588)359-4247,New,201.95,2026-08-04,False,2026-08-05
CUST_0204,John,Gutierrez,bmartin@example.com,001-508-316-5932,At-Risk,725.65,2026-08-04,False,2026-08-05
CUST_0205,Crystal,Dennis,tylerrivera@example.net,+1-837-658-8960x1261,Regular,1621.66,2026-08-04,False,2026-08-05
CUST_0206,Karen,Hayden,alexandrahayes@example.com,+1-203-719-9276x1404,New,2054.19,2026-08-04,True,2026-08-05
CUST_0207,Johnny,Tate,larsoncassandra@example.com,+1-279-804-5835x487,At-Risk,107.21,2026-08-04,True,2026-08-05
CUST_0208,Brian,Cooke,shelly77@example.com,527-776-4389x653,At-Risk,911.32,2026-08-04,False,2026-08-05
CUST_0209,Shannon,Lopez,weststeven@example.org,890.876.1441x26853,Regular,2455.32,2026-08-04,True,2026-08-05
CUST_0210,Ryan,Wallace,swood@example.net,+1-935-554-2028x451,Regular,2929.77,2026-08-04,True,2026-08-05
CUST_0211,Nichole,Davis,dillon26@example.org,(756)321-0768,Regular,3986.68,2026-08-04,True,2026-08-05
CUST_0212,Claudia,Esparza,maryalexander@example.com,515-794-7003x7864,Regular,4361.46,2026-08-04,True,2026-08-05
CUST_0213,Eugene,Perry,lucasanita@example.com,295.854.0287,VIP,3415.54,2026-08-04,True,2026-08-05
CUST_0214,April,Johnson,smanning@example.org,001-692-339-0725x1080,New,1023.96,2026-08-04,False,2026-08-05
CUST_0215,Greg,Webb,johnsonchristopher@example.com,001-627-934-0381,VIP,1364.27,2026-08-04,False,2026-08-05
CUST_0216,Monica,Wallace,robertszoe@example.net,4362226199,At-Risk,1718.74,2026-08-04,True,2026-08-05
CUST_0217,Charles,Black,curryshannon@example.org,285-631-8343,At-Risk,390.01,2026-08-04,True,2026-08-05
CUST_0218,Francisco,Flores,jrojas@example.org,564-801-6928x625,VIP,3471.01,2026-08-04,False,2026-08-05
CUST_0219,Angela,Wilson,emma43@example.net,001-461-916-7573,At-Risk,1876.0,2026-08-04,False,2026-08-05
CUST_0220,Alexandra,Mccoy,marc81@example.net,6555231203,New,2076.15,2026-08-04,True,2026-08-05
CUST_0221,Sandra,Perez,lopezolivia@example.org,717-697-8242x3522,VIP,2167.36,2026-08-04,True,2026-08-05
CUST_0222,Eric,Watson,hlopez@example.com,001-318-401-9753,Regular,2914.85,2026-08-04,False,2026-08-05
CUST_0223,Brian,Gallegos,andrea33@example.org,4175887096,VIP,1361.06,2026-08-04,True,2026-08-05
CUST_0224,William,Martinez,jaredcarter@example.com,(377)478-4791x352,VIP,3768.41,2026-08-04,True,2026-08-05
CUST_0225,Scott,Robinson,garnermatthew@example.org,666-610-3538,New,327.75,2026-08-04,True,2026-08-05
CUST_0226,Amber,Chung,villaapril@example.org,+1-729-273-6684x77785,New,4047.43,2026-08-04,False,2026-08-05
CUST_0227,Michelle,Richardson,pearsonluis@example.org,(618)426-3741,VIP,426.27,2026-08-04,True,2026-08-05
CUST_0228,Peter,Salazar,michael55@example.org,2496998819,VIP,3067.64,2026-08-04,False,2026-08-05
CUST_0229,Theresa,Hood,tschwartz@example.org,+1-508-870-7934x420,New,990.94,2026-08-04,False,2026-08-05
CUST_0230,Melinda,Johnson,philip51@example.org,665-424-6104,New,1025.38,2026-08-04,False,2026-08-05
CUST_0231,Frank,Mills,krichards@example.org,(485)318-8829x0086,VIP,2999.82,2026-08-04,True,2026-08-05
CUST_0232,Michael,Fernandez,lambchristopher@example.org,577.495.5168,VIP,3776.52,2026-08-04,True,2026-08-05
CUST_0233,Jeffrey,Cortez,isexton@example.com,793.719.9770,VIP,3589.47,2026-08-04,False,2026-08-05
CUST_0234,Theresa,Martinez,flemingmeagan@example.org,(928)479-5560x690,Regular,2256.21,2026-08-04,True,2026-08-05
CUST_0235,John,Reed,kenneth53@example.com,(808)967-7351,Regular,1630.24,2026-08-04,False,2026-08-05
CUST_0236,Julia,Holmes,ricemelissa@example.org,436.607.2525x213,Regular,827.37,2026-08-04,False,2026-08-05
CUST_0237,Stephen,Rodriguez,elizabeth06@example.org,+1-988-832-2998x7313,At-Risk,2690.04,2026-08-04,True,2026-08-05
CUST_0238,Justin,White,paulathompson@example.com,(490)663-7416x205,New,4756.99,2026-08-04,False,2026-08-05
CUST_0239,Micheal,Donovan,ycook@example.net,775.862.3336x56948,At-Risk,443.51,2026-08-04,True,2026-08-05
CUST_0240,Kimberly,Bray,wgraves@example.com,579-836-6808x722,At-Risk,1038.72,2026-08-04,False,2026-08-05
CUST_0241,Elizabeth,Lopez,smithallison@example.org,+1-610-963-3984x7726,At-Risk,2876.26,2026-08-04,True,2026-08-05
CUST_0242,Julie,Santos,lmeyers@example.net,+1-520-870-9700,New,3358.54,2026-08-04,False,2026-08-05
CUST_0243,Russell,Ruiz,mitchellanthony@example.net,(329)369-6994,At-Risk,4634.84,2026-08-04,True,2026-08-05
CUST_0244,Melanie,Fletcher,wdavis@example.com,+1-391-265-2759x602,New,1497.11,2026-08-04,True,2026-08-05
CUST_0245,Christopher,Reyes,sneal@example.net,922-357-4388,At-Risk,190.97,2026-08-04,False,2026-08-05
CUST_0246,Patricia,Petersen,amywilliams@example.net,333-830-6061x4643,New,2604.7,2026-08-04,True,2026-08-05
CUST_0247,Roger,Sloan,william96@example.org,(480)295-1703x606,At-Risk,2712.48,2026-08-04,False,2026-08-05
CUST_0248,Steven,Johnson,thorntonlinda@example.org,955-801-4869x713,VIP,1859.58,2026-08-04,True,2026-08-05
CUST_0249,Kathy,Powell,allenmarie@example.net,655-217-6203,New,502.8,2026-08-04,True,2026-08-05
CUST_0250,Jorge,Brown,barnestravis@example.com,001-593-696-7485x135,At-Risk,1693.44,2026-08-04,False,2026-08-05
CUST_0251,David,Lowery,roberttrujillo@example.net,885.561.2454x0964,VIP,1474.54,2026-08-04,False,2026-08-05
CUST_0252,Leslie,Smith,fthomas@example.com,+1-625-662-3806x028,At-Risk,3400.55,2026-08-04,True,2026-08-05
CUST_0253,Amy,Brown,fscott@example.net,482-827-0149x969,At-Risk,3029.88,2026-08-04,True,2026-08-05
CUST_0254,Lisa,Gutierrez,qnorris@example.com,6377846651,At-Risk,2241.12,2026-08-04,True,2026-08-05
CUST_0255,Lisa,Johnson,lkeith@example.net,001-466-716-1530x2338,VIP,2399.06,2026-08-04,False,2026-08-05
CUST_0256,Philip,Bullock,lewisjeffrey@example.net,(816)853-2399x556,VIP,2399.31,2026-08-04,True,2026-08-05
CUST_0257,Monica,Gonzalez,tbeard@example.org,001-840-510-0341x7278,VIP,3993.9,2026-08-04,True,2026-08-05
CUST_0258,Paula,Chapman,yholmes@example.net,373-435-5788x3308,At-Risk,4011.57,2026-08-04,False,2026-08-05
CUST_0259,Lisa,Anderson,lopezmatthew@example.org,602-578-1578x999,New,4940.45,2026-08-04,True,2026-08-05
CUST_0260,Judith,Farmer,qayers@example.net,421.297.0753,VIP,3588.86,2026-08-04,False,2026-08-05
CUST_0261,Terry,Snyder,williamhall@example.org,001-619-798-1300x40105,New,2924.62,2026-08-04,False,2026-08-05
CUST_0262,Holly,Little,xfoster@example.com,+1-208-541-5700x665,VIP,4904.35,2026-08-04,True,2026-08-05
CUST_0263,Don,Ramirez,roseleonard@example.com,+1-893-993-1705x200,New,1052.11,2026-08-04,False,2026-08-05
CUST_0264,Max,Knight,sjackson@example.org,922-969-2925,New,1202.12,2026-08-04,True,2026-08-05
CUST_0265,Nicole,Thompson,crystal07@example.org,001-962-371-2188,Regular,3367.21,2026-08-04,False,2026-08-05
CUST_0266,Gina,King,jimmy71@example.net,(750)554-2051,Regular,3977.05,2026-08-04,False,2026-08-05
CUST_0267,John,Flores,ashley22@example.org,363-730-6536x397,Regular,1803.47,2026-08-04,False,2026-08-05
CUST_0268,Dennis,Flores,lisa29@example.net,+1-930-605-1000,Regular,4975.52,2026-08-04,True,2026-08-05
CUST_0269,Donna,Gibbs,lbanks@example.org,322.270.4779,VIP,4614.66,2026-08-04,True,2026-08-05
CUST_0270,Miguel,Robinson,christian05@example.org,+1-627-203-3699,At-Risk,647.95,2026-08-04,False,2026-08-05
CUST_0271,Jessica,Russell,robert70@example.net,5724571957,At-Risk,1761.82,2026-08-04,False,2026-08-05
CUST_0272,Michael,West,lori30@example.com,864-447-0608,VIP,1584.17,2026-08-04,True,2026-08-05
CUST_0273,Kristina,Becker,breannagarcia@example.com,761-442-6301,VIP,197.46,2026-08-04,True,2026-08-05
CUST_0274,Gerald,Moore,flynnchristopher@example.com,(528)242-2456,At-Risk,2747.61,2026-08-04,True,2026-08-05
CUST_0275,Nancy,Ruiz,leblancanna@example.com,(647)417-3063x0240,Regular,569.82,2026-08-04,False,2026-08-05
CUST_0276,Christopher,Smith,fphillips@example.org,497-459-8036x7971,Regular,1561.65,2026-08-04,False,2026-08-05
CUST_0277,Paul,Smith,alexander12@example.com,714-788-3358,New,2178.31,2026-08-04,True,2026-08-05
CUST_0278,Brian,Luna,christina21@example.org,458-423-8395x5066,VIP,1243.77,2026-08-04,True,2026-08-05
CUST_0279,Kathleen,Winters,xpatel@example.com,+1-831-849-7023,New,4749.19,2026-08-04,True,2026-08-05
CUST_0280,Susan,Taylor,benjaminsmith@example.com,(797)738-4499x8780,VIP,1754.26,2026-08-04,True,2026-08-05
CUST_0281,Christopher,Patrick,barbaraclark@example.org,6032702035,Regular,3689.79,2026-08-04,False,2026-08-05
CUST_0282,William,Wood,hwalker@example.org,806-917-8791,Regular,2075.89,2026-08-04,False,2026-08-05
CUST_0283,Terri,White,vanessa27@example.org,564.989.9799,New,1367.95,2026-08-04,True,2026-08-05
CUST_0284,Derrick,Campbell,roger05@example.com,313.728.9095,New,1598.76,2026-08-04,False,2026-08-05
CUST_0285,Sean,Lopez,jose55@example.org,451-742-7960x77669,At-Risk,2205.8,2026-08-04,False,2026-08-05
CUST_0286,Brian,Wilson,markstewart@example.net,+1-969-227-2931x0002,At-Risk,2415.76,2026-08-04,True,2026-08-05
CUST_0287,Tara,Carter,frazieramy@example.com,685-718-4931x332,VIP,2583.2,2026-08-04,True,2026-08-05
CUST_0288,Michael,Vazquez,alisha47@example.net,7072846259,New,2544.17,2026-08-04,False,2026-08-05
CUST_0289,Dawn,Hendricks,morgan92@example.com,5154627227,VIP,937.29,2026-08-04,True,2026-08-05
CUST_0290,Sean,Oconnor,kenneth54@example.com,763-997-7170,At-Risk,2379.17,2026-08-04,True,2026-08-05
CUST_0291,Jacob,Perry,gary06@example.net,(666)940-6716x290,At-Risk,2896.85,2026-08-04,True,2026-08-05
CUST_0292,Cynthia,Garner,ssmith@example.com,(372)911-9206x590,New,2080.38,2026-08-04,False,2026-08-05
CUST_0293,Michael,Hayden,njohnson@example.com,001-559-677-8543x365,At-Risk,4799.51,2026-08-04,True,2026-08-05
CUST_0294,Gregory,Long,gmatthews@example.net,+1-908-590-8689x75035,Regular,1558.61,2026-08-04,True,2026-08-05
CUST_0295,David,May,otyler@example.net,2696194828,New,2564.58,2026-08-04,True,2026-08-05
CUST_0296,Amy,Johnston,brendahughes@example.net,816.630.5869x92269,New,1736.46,2026-08-04,True,2026-08-05
CUST_0297,Lisa,Mendoza,cindy58@example.net,001-871-415-5532x248,New,4706.44,2026-08-04,True,2026-08-05
CUST_0298,Debra,Dillon,robert61@example.org,+1-728-758-8387x2532,Regular,3449.91,2026-08-04,False,2026-08-05
CUST_0299,Melanie,Chang,nicholas17@example.org,288-933-7284x34985,Regular,3101.23,2026-08-04,False,2026-08-05
CUST_0300,Mary,Willis,karacollins@example.net,(518)422-2547,New,3122.01,2026-08-04,True,2026-08-05
CUST_0301,Shannon,Jimenez,curtis91@example.net,001-592-256-6675,VIP,35.75,2026-08-04,True,2026-08-05
CUST_0302,Jessica,Casey,hernandezann@example.com,204-449-4260,Regular,924.26,2026-08-04,False,2026-08-05
CUST_0303,Tiffany,Patterson,kellymiller@example.org,628-467-1730x286,At-Risk,2833.2,2026-08-04,True,2026-08-05
CUST_0304,Michelle,Hall,brent85@example.net,+1-868-366-4008x92571,New,1309.1,2026-08-04,True,2026-08-05
CUST_0305,Sarah,Briggs,edwinbishop@example.net,+1-848-413-3132x537,VIP,1907.49,2026-08-04,False,2026-08-05
CUST_0306,Jacqueline,Peters,megan37@example.org,+1-847-375-8781x75638,At-Risk,2450.47,2026-08-04,False,2026-08-05
CUST_0307,Ashley,Perez,opetersen@example.org,(579)344-0384x13580,VIP,3633.61,2026-08-04,False,2026-08-05
CUST_0308,Andrew,Cooper,vmason@example.org,001-884-333-5602x2010,VIP,1852.21,2026-08-04,True,2026-08-05
CUST_0309,Kelsey,Klein,kevinsanchez@example.net,+1-919-379-0780x075,VIP,3941.91,2026-08-04,True,2026-08-05
CUST_0310,Joe,Howard,nicole91@example.net,001-776-908-9692x823,VIP,4808.36,2026-08-04,True,2026-08-05
CUST_0311,Destiny,Ortega,stephensantonio@example.com,608-350-3857x60838,VIP,3750.17,2026-08-04,True,2026-08-05
CUST_0312,Alexander,Jackson,jon31@example.net,001-496-505-9218x864,VIP,300.19,2026-08-04,False,2026-08-05
CUST_0313,Justin,Wilson,summersjeffrey@example.org,(313)991-2639,Regular,310.74,2026-08-04,True,2026-08-05
CUST_0314,James,Bailey,anthony55@example.org,564-623-3744,Regular,3637.14,2026-08-04,True,2026-08-05
CUST_0315,Thomas,Turner,andrelarsen@example.com,639-997-9395x619,New,4999.25,2026-08-04,True,2026-08-05
CUST_0316,Andrea,Tucker,carterpaul@example.net,440.956.6332,Regular,1943.85,2026-08-04,True,2026-08-05
CUST_0317,Lori,Williams,ocervantes@example.com,(956)934-3527,New,1086.0,2026-08-04,False,2026-08-05
CUST_0318,Lisa,Gonzalez,leonardyvette@example.org,264.380.8747,VIP,3241.28,2026-08-04,False,2026-08-05
CUST_0319,Andrea,Green,chasepham@example.net,(218)378-4257x45207,At-Risk,4869.9,2026-08-04,False,2026-08-05
CUST_0320,Justin,Smith,samantha04@example.net,476-788-2839,VIP,740.28,2026-08-04,True,2026-08-05
CUST_0321,Sherry,Campos,joseph30@example.com,+1-412-960-3319x87309,Regular,4597.07,2026-08-04,False,2026-08-05
CUST_0322,Shelby,Green,fletcherjennifer@example.net,(321)989-0375,New,2073.51,2026-08-04,True,2026-08-05
CUST_0323,Frank,Aguirre,ericlong@example.net,7504715324,New,1786.39,2026-08-04,False,2026-08-05
CUST_0324,Adrian,Ponce,rodriguezkatherine@example.com,895.557.0800x0681,Regular,2443.89,2026-08-04,True,2026-08-05
CUST_0325,Shannon,Wilson,michael73@example.net,001-512-677-8123x5531,At-Risk,2072.31,2026-08-04,False,2026-08-05
CUST_0326,Samuel,Rose,burnsjoyce@example.net,703-597-3363x8820,VIP,558.63,2026-08-04,True,2026-08-05
CUST_0327,Michael,Gill,gclark@example.com,(349)869-7922,At-Risk,3563.54,2026-08-04,False,2026-08-05
CUST_0328,James,Miller,melinda77@example.net,926.895.5762,New,4766.86,2026-08-04,False,2026-08-05
CUST_0329,Dennis,Anderson,ddickerson@example.org,849.339.3990x151,VIP,1964.47,2026-08-04,True,2026-08-05
CUST_0330,Hannah,Lee,scottnathaniel@example.com,(734)435-4754x66407,VIP,338.22,2026-08-04,True,2026-08-05
CUST_0331,Jasmine,Knight,laura03@example.org,376.940.9801,At-Risk,516.39,2026-08-04,True,2026-08-05
CUST_0332,Jeremy,Aguirre,kellybarnett@example.org,414-255-4155x28149,At-Risk,4287.85,2026-08-04,True,2026-08-05
CUST_0333,Donna,Gross,conleyjohn@example.com,(386)690-8372x485,New,2311.4,2026-08-04,False,2026-08-05
CUST_0334,Mark,Barker,barbarawilliams@example.net,530-755-1193x8147,Regular,531.21,2026-08-04,True,2026-08-05
CUST_0335,Kimberly,Khan,mark25@example.com,577-701-2858x235,New,2534.67,2026-08-04,False,2026-08-05
CUST_0336,Jennifer,Lee,christopher45@example.com,(459)487-2028x326,Regular,3424.15,2026-08-04,True,2026-08-05
CUST_0337,Leslie,Morris,dashley@example.org,001-447-277-6179x4152,New,4079.87,2026-08-04,True,2026-08-05
CUST_0338,Tyler,Rhodes,ewalters@example.org,940-402-6523x659,New,734.23,2026-08-04,True,2026-08-05
CUST_0339,Robert,Shea,stephendavis@example.org,9228723944,Regular,2456.42,2026-08-04,True,2026-08-05
CUST_0340,Bobby,Bender,justinsexton@example.com,+1-228-725-0120x1809,Regular,2061.02,2026-08-04,False,2026-08-05
CUST_0341,Patrick,Anderson,knightzachary@example.com,(926)907-5774,New,2312.67,2026-08-04,True,2026-08-05
CUST_0342,Paul,Klein,grogers@example.com,001-252-492-9269,At-Risk,3346.9,2026-08-04,False,2026-08-05
CUST_0343,Laura,Reilly,yoderrobert@example.com,+1-285-233-9378x6562,New,4820.27,2026-08-04,False,2026-08-05
CUST_0344,Teresa,White,berrypaul@example.net,446.385.0497,New,2818.09,2026-08-04,True,2026-08-05
CUST_0345,Corey,Williams,guzmantiffany@example.org,+1-779-461-2631x3750,VIP,156.52,2026-08-04,True,2026-08-05
CUST_0346,Bonnie,Knapp,jeffrey85@example.com,759-899-7877x301,At-Risk,4674.21,2026-08-04,True,2026-08-05
CUST_0347,Lisa,Garcia,meredith88@example.org,480.205.8064x7414,New,2874.61,2026-08-04,True,2026-08-05
CUST_0348,Steven,Curtis,cwatts@example.org,875-614-4563x3312,Regular,3928.42,2026-08-04,True,2026-08-05
CUST_0349,Melissa,Zimmerman,virginia29@example.org,(691)222-2321,New,4534.99,2026-08-04,True,2026-08-05
CUST_0350,Amanda,Stewart,amanda06@example.com,(920)389-4023x18085,At-Risk,2951.65,2026-08-04,True,2026-08-05
CUST_0351,Raymond,Mccoy,brett30@example.net,815.892.2313x2659,VIP,1604.29,2026-08-04,False,2026-08-05
CUST_0352,Stephanie,Cole,cookjessica@example.org,410.617.8297x191,VIP,3525.58,2026-08-04,True,2026-08-05
CUST_0353,James,Osborn,ashleyjesse@example.com,(436)355-0152,VIP,4038.61,2026-08-04,False,2026-08-05
CUST_0354,Robert,James,virginiastone@example.org,862-448-7462x70097,Regular,4938.09,2026-08-04,False,2026-08-05
CUST_0355,Jennifer,Ray,millerblake@example.org,+1-878-546-4876x8486,Regular,1993.09,2026-08-04,True,2026-08-05
CUST_0356,Mary,Villa,lynn81@example.com,+1-768-742-0305,VIP,1109.78,2026-08-04,False,2026-08-05
CUST_0357,Mary,Carrillo,bmunoz@example.com,+1-521-688-3287x201,New,237.4,2026-08-04,True,2026-08-05
CUST_0358,Kristine,Salinas,mariasanchez@example.org,001-278-306-8906x793,At-Risk,2053.07,2026-08-04,True,2026-08-05
CUST_0359,John,Powell,zwood@example.org,001-256-400-6950x21916,At-Risk,3363.44,2026-08-04,False,2026-08-05
CUST_0360,Mary,Rich,jonathanparker@example.net,3414727447,VIP,1360.22,2026-08-04,False,2026-08-05
CUST_0361,Mary,Rivera,uholmes@example.com,+1-256-931-1973x7036,Regular,395.28,2026-08-04,False,2026-08-05
CUST_0362,Lance,Hudson,danielle86@example.com,+1-928-993-6699x62490,Regular,1664.51,2026-08-04,True,2026-08-05
CUST_0363,Patricia,Lozano,johnsonsusan@example.net,(875)394-2794,VIP,2179.03,2026-08-04,False,2026-08-05
CUST_0364,Linda,Thomas,millerjames@example.com,5782476067,New,3013.51,2026-08-04,True,2026-08-05
CUST_0365,Kara,Brady,belindathompson@example.org,(376)810-2886x41983,At-Risk,1548.53,2026-08-04,True,2026-08-05
CUST_0366,David,Cook,monica62@example.net,438.998.7303x97978,At-Risk,1407.49,2026-08-04,False,2026-08-05
CUST_0367,William,Castaneda,hsmith@example.org,3034836278,Regular,643.78,2026-08-04,False,2026-08-05
CUST_0368,Ashley,Hawkins,stephanie24@example.org,(241)623-6640,Regular,1749.67,2026-08-04,False,2026-08-05
CUST_0369,Chloe,King,hblack@example.net,256-641-9917,Regular,1151.06,2026-08-04,True,2026-08-05
CUST_0370,Matthew,Thompson,james21@example.net,+1-205-723-8407x44571,New,2707.54,2026-08-04,True,2026-08-05
CUST_0371,Tiffany,Taylor,jboyer@example.org,001-970-500-3079x268,New,1174.79,2026-08-04,True,2026-08-05
CUST_0372,William,Richmond,stephaniepalmer@example.com,001-207-793-1627x252,New,4629.5,2026-08-04,True,2026-08-05
CUST_0373,Kimberly,Rice,erin01@example.net,701.988.5135x97606,VIP,236.35,2026-08-04,True,2026-08-05
CUST_0374,Joshua,Hunter,fdavis@example.org,9659166068,New,4413.19,2026-08-04,True,2026-08-05
CUST_0375,Stephanie,Williams,chadmartinez@example.org,(708)549-2117x12404,VIP,4902.72,2026-08-04,True,2026-08-05
CUST_0376,Erica,Moreno,allisonlewis@example.org,3343624654,New,2680.13,2026-08-04,False,2026-08-05
CUST_0377,Scott,Robinson,uschneider@example.com,(969)228-4800,Regular,894.05,2026-08-04,False,2026-08-05
CUST_0378,Seth,Garza,carrienguyen@example.org,289-664-7336x17442,New,1132.22,2026-08-04,True,2026-08-05
CUST_0379,John,Hale,owensrhonda@example.org,799-443-8988x15505,At-Risk,2397.18,2026-08-04,False,2026-08-05
CUST_0380,Jennifer,Anderson,leonchristopher@example.net,728-841-4782x578,At-Risk,2019.59,2026-08-04,True,2026-08-05
CUST_0381,Jeffery,Smith,xwalker@example.com,(316)581-3539x785,Regular,4452.54,2026-08-04,True,2026-08-05
CUST_0382,Emily,Montoya,davidcowan@example.org,+1-768-984-4359x28803,Regular,2283.0,2026-08-04,True,2026-08-05
CUST_0383,Candice,Smith,taylor12@example.org,224.967.5363x586,Regular,4985.65,2026-08-04,True,2026-08-05
CUST_0384,Bridget,Lewis,keith54@example.com,7094856029,Regular,3999.18,2026-08-04,True,2026-08-05
CUST_0385,David,Anderson,mary83@example.net,(358)691-3710,New,67.57,2026-08-04,False,2026-08-05
CUST_0386,Nicole,Brown,micheal10@example.net,886-596-9998x4887,At-Risk,4247.12,2026-08-04,True,2026-08-05
CUST_0387,Jessica,Atkinson,gstark@example.net,+1-777-910-5661x311,VIP,4558.94,2026-08-04,False,2026-08-05
CUST_0388,Jessica,Hubbard,kyle87@example.com,234-651-6616x454,At-Risk,1786.86,2026-08-04,False,2026-08-05
CUST_0389,Kimberly,Johnson,sarahsmith@example.com,252.451.2278x962,New,4509.08,2026-08-04,True,2026-08-05
CUST_0390,Erin,Fowler,tlee@example.org,+1-487-604-4173x68402,Regular,4600.63,2026-08-04,False,2026-08-05
CUST_0391,Melissa,Fernandez,robertgarcia@example.org,+1-906-478-0866x77508,VIP,32.97,2026-08-04,False,2026-08-05
CUST_0392,Travis,Stanley,villabeth@example.net,(381)210-7240,VIP,4398.61,2026-08-04,True,2026-08-05
CUST_0393,Jamie,Smith,xruiz@example.net,656.627.7689x9722,At-Risk,3975.71,2026-08-04,True,2026-08-05
CUST_0394,Nicole,Robinson,heatherjohnson@example.net,307-631-3158,At-Risk,2373.14,2026-08-04,True,2026-08-05
CUST_0395,Jamie,Cooper,sabrina89@example.com,860-417-2507x5076,New,1237.59,2026-08-04,True,2026-08-05
CUST_0396,Tyler,Everett,valentinetimothy@example.com,504.467.5710,New,4186.92,2026-08-04,True,2026-08-05
CUST_0397,Tricia,Gillespie,jennifer52@example.com,690.743.7564x82278,New,1719.72,2026-08-04,True,2026-08-05
CUST_0398,Susan,Pitts,matthew70@example.net,001-283-597-3928x7597,Regular,2612.8,2026-08-04,False,2026-08-05
CUST_0399,Jay,Hansen,ltyler@example.net,498.371.5353x05938,VIP,1772.99,2026-08-04,False,2026-08-05
CUST_0400,Alison,Gill,adam39@example.net,+1-335-821-8051x110,VIP,584.95,2026-08-04,True,2026-08-05
CUST_0401,Joe,Robertson,james20@example.com,3029555129,New,4389.43,2026-08-04,False,2026-08-05
CUST_0402,Jeremy,Watts,emily21@example.com,868-465-8071x6335,New,4466.4,2026-08-04,False,2026-08-05
CUST_0403,Elizabeth,Phillips,lawsonsabrina@example.net,301-444-0407,At-Risk,2449.55,2026-08-04,True,2026-08-05
CUST_0404,Tonya,Deleon,qfloyd@example.com,+1-685-531-0588x249,New,2245.52,2026-08-04,True,2026-08-05
CUST_0405,Carol,Lewis,donaldsantiago@example.org,969-981-8590x0050,New,4941.67,2026-08-04,True,2026-08-05
CUST_0406,Allison,Gonzales,uacevedo@example.net,001-754-994-2503x76345,At-Risk,3239.72,2026-08-04,False,2026-08-05
CUST_0407,Johnny,Nelson,kylehall@example.org,+1-564-597-2912,Regular,3289.2,2026-08-04,False,2026-08-05
CUST_0408,Thomas,Baker,woodsrachel@example.net,(368)384-8061,New,3937.51,2026-08-04,True,2026-08-05
CUST_0409,Rebecca,Strong,aaron04@example.org,+1-725-870-3077x5215,Regular,3883.49,2026-08-04,True,2026-08-05
CUST_0410,Mary,Hughes,jonathan14@example.net,+1-527-765-1622x594,Regular,2466.24,2026-08-04,True,2026-08-05
CUST_0411,Austin,Walker,donald45@example.com,+1-805-351-6376x61509,At-Risk,2165.22,2026-08-04,True,2026-08-05
CUST_0412,Chelsea,Chavez,npacheco@example.com,993.992.1593x7524,At-Risk,4123.15,2026-08-04,True,2026-08-05
CUST_0413,Anita,Burns,yhood@example.com,436.464.9025x53809,Regular,1143.61,2026-08-04,False,2026-08-05
CUST_0414,Christopher,Sanchez,ofleming@example.org,(326)727-5503x038,New,1130.81,2026-08-04,False,2026-08-05
CUST_0415,Richard,Jones,ccox@example.org,001-202-238-6094x568,VIP,4432.08,2026-08-04,False,2026-08-05
CUST_0416,Kenneth,Morris,jameslewis@example.org,3364268838,At-Risk,2374.08,2026-08-04,True,2026-08-05
CUST_0417,John,Kelley,kristopherparker@example.net,(693)372-2812,Regular,84.11,2026-08-04,True,2026-08-05
CUST_0418,Rachel,Sims,tarareyes@example.org,+1-675-992-2370x0459,VIP,3585.53,2026-08-04,False,2026-08-05
CUST_0419,Emily,Chambers,ubutler@example.org,517.677.8391x587,VIP,4675.3,2026-08-04,False,2026-08-05
CUST_0420,Elizabeth,Hester,bakerkellie@example.com,(389)569-8822x539,VIP,4837.64,2026-08-04,False,2026-08-05
CUST_0421,Michael,Hernandez,hernandezandrew@example.com,573-773-5282x348,Regular,4167.63,2026-08-04,True,2026-08-05
CUST_0422,Lauren,Ibarra,benderrenee@example.com,001-291-413-5428x5047,Regular,653.38,2026-08-04,False,2026-08-05
CUST_0423,William,Medina,dennis52@example.org,+1-275-679-8220x8662,Regular,1795.63,2026-08-04,True,2026-08-05
CUST_0424,Dennis,Hunter,kelseyjones@example.com,9153382684,New,2707.36,2026-08-04,False,2026-08-05
CUST_0425,David,Fitzgerald,lawrencegonzalez@example.org,657-659-3425,New,1297.82,2026-08-04,True,2026-08-05
CUST_0426,Stephanie,Johnson,rachelrobinson@example.com,+1-476-506-3650x2593,VIP,1234.15,2026-08-04,True,2026-08-05
CUST_0427,Denise,Douglas,nchavez@example.com,001-940-893-7454x9930,VIP,1126.85,2026-08-04,False,2026-08-05
CUST_0428,John,Jennings,holdenchristopher@example.org,+1-503-577-0270x518,New,101.93,2026-08-04,True,2026-08-05
CUST_0429,Brett,Edwards,stevenprice@example.org,+1-637-860-3668x88612,New,1759.77,2026-08-04,False,2026-08-05
CUST_0430,Brett,Smith,egolden@example.org,001-690-365-3521x85289,New,3413.46,2026-08-04,False,2026-08-05
CUST_0431,Leslie,Anderson,robert82@example.org,+1-863-444-4442x8938,Regular,4324.28,2026-08-04,True,2026-08-05
CUST_0432,Jennifer,Crawford,ebarnett@example.net,(807)380-6733x285,VIP,4718.21,2026-08-04,True,2026-08-05
CUST_0433,Eric,Watkins,meghan42@example.net,(805)622-2982,New,3082.76,2026-08-04,True,2026-08-05
CUST_0434,Anthony,Martin,sullivanjulie@example.com,+1-374-228-4210,At-Risk,2617.28,2026-08-04,False,2026-08-05
CUST_0435,Michelle,Johns,thompsonscott@example.com,(788)787-3645x09017,New,4309.56,2026-08-04,False,2026-08-05
CUST_0436,Lisa,Werner,uvillanueva@example.com,(562)920-8855x7044,New,1646.28,2026-08-04,False,2026-08-05
CUST_0437,Leah,Martinez,katiejohnson@example.com,(844)525-0533,Regular,3510.6,2026-08-04,True,2026-08-05
CUST_0438,David,Kennedy,mariaclements@example.net,547-786-0803x2386,VIP,2488.83,2026-08-04,False,2026-08-05
CUST_0439,Rachel,Brown,iangonzales@example.net,+1-900-665-0600x30462,New,2467.01,2026-08-04,False,2026-08-05
CUST_0440,Tyrone,Duran,lisawright@example.org,+1-997-271-2302x26428,Regular,778.38,2026-08-04,False,2026-08-05
CUST_0441,Melissa,Estrada,judith32@example.org,3184369965,New,2571.42,2026-08-04,True,2026-08-05
CUST_0442,James,Simon,jhahn@example.net,802.858.0910,New,96.84,2026-08-04,False,2026-08-05
CUST_0443,Jennifer,Perry,calebbennett@example.org,+1-409-516-3846x198,VIP,1331.41,2026-08-04,False,2026-08-05
CUST_0444,Mary,Russo,cynthia83@example.net,371.464.9440,At-Risk,1893.28,2026-08-04,True,2026-08-05
CUST_0445,Alexis,Cain,laurie07@example.net,(681)316-3455,At-Risk,405.74,2026-08-04,False,2026-08-05
CUST_0446,Gary,Anderson,larrycowan@example.com,+1-955-518-4978x9301,New,3746.38,2026-08-04,False,2026-08-05
CUST_0447,Andrea,Clements,christina76@example.com,615-344-3573x821,VIP,3612.56,2026-08-04,True,2026-08-05
CUST_0448,Kathleen,Payne,igallagher@example.org,984.568.7129x1762,VIP,333.43,2026-08-04,False,2026-08-05
CUST_0449,Seth,Smith,brian70@example.org,(406)621-1424x1202,New,1569.6,2026-08-04,False,2026-08-05
CUST_0450,Curtis,Hicks,jason64@example.org,881-816-7871,Regular,4364.33,2026-08-04,True,2026-08-05
CUST_0451,William,Thompson,schaeferkerri@example.net,313.495.2197x9559,VIP,3154.79,2026-08-04,True,2026-08-05
CUST_0452,Holly,Riley,oolson@example.net,+1-279-396-5204,Regular,4666.69,2026-08-04,True,2026-08-05
CUST_0453,Melanie,Smith,solomonkimberly@example.net,001-994-626-0383,New,2971.37,2026-08-04,True,2026-08-05
CUST_0454,Patty,Dodson,qstephens@example.org,273-650-8864,Regular,3994.4,2026-08-04,False,2026-08-05
CUST_0455,Joshua,White,ebarajas@example.org,(935)972-6939x047,VIP,3131.33,2026-08-04,False,2026-08-05
CUST_0456,Michael,Cook,david78@example.net,307-956-9497,At-Risk,4341.82,2026-08-04,True,2026-08-05
CUST_0457,Jennifer,Arnold,dmendoza@example.net,(234)990-7292x308,Regular,3984.95,2026-08-04,True,2026-08-05
CUST_0458,Jacob,Day,qbass@example.org,935.528.5581,At-Risk,665.85,2026-08-04,True,2026-08-05
CUST_0459,Lawrence,Perez,onichols@example.org,511.328.3114,At-Risk,73.96,2026-08-04,True,2026-08-05
CUST_0460,Natalie,Clark,jennifer02@example.com,5597307816,New,762.98,2026-08-04,False,2026-08-05
CUST_0461,Diane,Jimenez,robinboyer@example.net,+1-600-841-4085x9543,New,3984.64,2026-08-04,False,2026-08-05
CUST_0462,Barbara,Lewis,charles67@example.com,756-243-6026,New,2035.72,2026-08-04,False,2026-08-05
CUST_0463,Edward,Gonzalez,michaelpatterson@example.net,927.365.7007,New,4282.01,2026-08-04,True,2026-08-05
CUST_0464,Mary,Mahoney,fsanchez@example.net,688-252-1158,At-Risk,1466.07,2026-08-04,True,2026-08-05
CUST_0465,Lisa,Kim,martinezjason@example.org,925.821.3050x99663,At-Risk,4070.06,2026-08-04,True,2026-08-05
CUST_0466,Kyle,Rice,kevinwilliams@example.org,+1-556-505-8872x7280,At-Risk,4721.41,2026-08-04,False,2026-08-05
CUST_0467,Brandon,Ramirez,matthewstyler@example.com,4723335027,At-Risk,2633.34,2026-08-04,False,2026-08-05
CUST_0468,Kenneth,Hess,baldwingeorge@example.com,+1-361-337-7719x50830,New,1013.71,2026-08-04,True,2026-08-05
CUST_0469,William,Ballard,dleach@example.com,570-936-2554x1523,Regular,4907.43,2026-08-04,True,2026-08-05
CUST_0470,Charles,Ritter,nathan47@example.net,951.763.1291x0585,At-Risk,3127.71,2026-08-04,True,2026-08-05
CUST_0471,Matthew,Arellano,whitepatrick@example.com,5655289053,Regular,2752.52,2026-08-04,True,2026-08-05
CUST_0472,Jennifer,Andrews,glenn12@example.net,9138615819,VIP,2076.35,2026-08-04,False,2026-08-05
CUST_0473,Jason,Reid,brandonmedina@example.com,803-778-4573x54420,New,593.01,2026-08-04,True,2026-08-05
CUST_0474,Julia,Dean,imclaughlin@example.com,+1-673-795-4451,New,1776.63,2026-08-04,True,2026-08-05
CUST_0475,Destiny,Williams,timothyhiggins@example.net,+1-901-597-9932,Regular,4791.12,2026-08-04,True,2026-08-05
CUST_0476,Dawn,Nelson,ytaylor@example.com,344.867.4305x7465,New,2117.32,2026-08-04,False,2026-08-05
CUST_0477,John,Ortiz,xallen@example.org,+1-286-350-1145x7064,Regular,231.03,2026-08-04,True,2026-08-05
CUST_0478,Christopher,Gonzalez,miguelspears@example.org,001-765-669-4445,New,1645.1,2026-08-04,False,2026-08-05
CUST_0479,Joseph,Williams,pbrown@example.org,693.899.0696x5659,VIP,4706.21,2026-08-04,True,2026-08-05
CUST_0480,Andrea,Hatfield,brian39@example.org,(816)504-9144x21194,At-Risk,428.57,2026-08-04,True,2026-08-05
CUST_0481,Danielle,Foster,paulyork@example.net,+1-801-406-0389x79312,Regular,4460.31,2026-08-04,False,2026-08-05
CUST_0482,Mary,Russell,kimberlysnow@example.com,(381)782-6208,At-Risk,2631.1,2026-08-04,False,2026-08-05
CUST_0483,Michael,French,lynnsmith@example.com,+1-853-247-6832x23653,Regular,2583.65,2026-08-04,False,2026-08-05
CUST_0484,Jacob,Carpenter,zpierce@example.org,+1-306-905-8461x2665,Regular,1686.95,2026-08-04,False,2026-08-05
CUST_0485,Christopher,Juarez,kristopher51@example.org,8737828437,VIP,167.58,2026-08-04,True,2026-08-05
CUST_0486,Amy,Lawson,woodderrick@example.org,345-843-1966x46044,VIP,1035.21,2026-08-04,True,2026-08-05
CUST_0487,Lisa,Mcpherson,sarahprice@example.org,+1-333-298-1261x512,VIP,3020.25,2026-08-04,False,2026-08-05
CUST_0488,Rachel,Oconnor,tonyibarra@example.com,993-616-3472,At-Risk,2802.53,2026-08-04,False,2026-08-05
CUST_0489,Stephanie,Whitehead,smithsarah@example.org,(497)690-3281x40897,New,583.96,2026-08-04,True,2026-08-05
CUST_0490,Yvonne,Rodriguez,suttonwendy@example.org,956-984-3161x2901,Regular,2253.08,2026-08-04,False,2026-08-05
CUST_0491,Jeffrey,Ramirez,floresdenise@example.org,733-890-9378,Regular,931.62,2026-08-04,False,2026-08-05
CUST_0492,Cheryl,Marquez,millerwilliam@example.com,+1-682-971-7698x761,Regular,2435.58,2026-08-04,False,2026-08-05
CUST_0493,Kenneth,Gonzales,paullopez@example.net,956-294-9704x482,Regular,1808.58,2026-08-04,True,2026-08-05
CUST_0494,Patrick,Ellis,bwagner@example.net,(443)353-7075,Regular,1883.42,2026-08-04,True,2026-08-05
CUST_0495,Jeremy,Mckenzie,sherrythomas@example.net,314.435.4401,Regular,1907.31,2026-08-04,True,2026-08-05
CUST_0496,Kevin,Lee,lindsay52@example.net,273.528.6314,At-Risk,2582.02,2026-08-04,False,2026-08-05
CUST_0497,Victoria,Skinner,johnsonlisa@example.net,506-841-3456,At-Risk,2954.05,2026-08-04,True,2026-08-05
CUST_0498,Alison,Meadows,madelinewelch@example.org,660-743-1659,At-Risk,4593.16,2026-08-04,True,2026-08-05
CUST_0499,Cole,Bray,bradleymelissa@example.net,(839)428-4129,New,1961.89,2026-08-04,True,2026-08-05
CUST_0500,Kelly,Russell,stevenhill@example.com,624-610-2932x488,Regular,4609.89,2026-08-04,False,2026-08-05
